﻿<parameters>
  <parameter name="IIS Web Application Name" defaultValue="Default Web Site/QLBH_055_deploy" tags="IisApp">
    <parameterEntry kind="ProviderPath" scope="IisApp" match="^C:\\Users\\Nguyen\ Quang\ Linh\\source\\repos\\QLBH_055\\QLBH_055\\obj\\Release\\Package\\PackageTmp$" />
    <parameterEntry kind="ProviderPath" scope="setAcl" match="^C:\\Users\\Nguyen\ Quang\ Linh\\source\\repos\\QLBH_055\\QLBH_055\\obj\\Release\\Package\\PackageTmp$" />
  </parameter>
  <parameter name="DefaultConnection-Web.config Connection String" defaultValue="DefaultConnection_ConnectionString">
    <parameterEntry kind="XmlFile" scope="C:\\Users\\Nguyen\ Quang\ Linh\\source\\repos\\QLBH_055\\QLBH_055\\obj\\Release\\Package\\PackageTmp\\Web\.config$" match="/configuration/connectionStrings/add[@name='DefaultConnection']/@connectionString" />
  </parameter>
  <parameter name="QLBHEntities-Web.config Connection String" defaultValue="metadata=res://*/Models.QLBH.csdl|res://*/Models.QLBH.ssdl|res://*/Models.QLBH.msl;provider=System.Data.SqlClient;provider connection string=&quot;data source=.\SQLEXPRESS;initial catalog=QLBH;integrated security=True;MultipleActiveResultSets=True;App=EntityFramework&quot;">
    <parameterEntry kind="XmlFile" scope="C:\\Users\\Nguyen\ Quang\ Linh\\source\\repos\\QLBH_055\\QLBH_055\\obj\\Release\\Package\\PackageTmp\\Web\.config$" match="/configuration/connectionStrings/add[@name='QLBHEntities']/@connectionString" />
  </parameter>
</parameters>